,alloy_name,phases,VHN,R_delta,S_config,VEC,R_cov_delta,density_avg,Tm_avg,E_avg,E_delta,G_avg,G_delta,K_avg,K_delta,Compress_avg,Compress_delta,EN_Allen_avg,H_avg,Vm_delta,E_coh_avg,E_coh_delta,Senkov_param,H_chem,H_el
0,Al1.8CoCrCuFe,FCC + BCC,557,0.429640681,0.486148916,0.554597701,0.065927701,0.343797538,0.109388916,0.389240828,0.599158028,0.415746319,0.651824022,0.443729805,0.571510994,0.153911857,0.438852065,0.780542303,0.245615981,0.448845234,0.167903542,0.260147496,0.004124069,0.62728513,0.279584775
1,AlCoCrCuFeNi,FCC + BCC,439,0.352936965,0.706695053,0.699074074,0.123787436,0.427388251,0.170798608,0.508277217,0.489136609,0.516351088,0.507945511,0.535908702,0.41619019,0.106396682,0.422213027,0.852305896,0.297875193,0.392830984,0.20114643,0.245394363,0.007433685,0.67366985,0.205536332
2,Al22.5Cu20Fe15Ni20Ti22.5,FCC,516,0.485714028,0.51076736,0.579861111,0.63269935,0.332250035,0.119872662,0.387073864,0.638641996,0.355890951,0.681678847,0.382478101,0.515596102,0.165314166,0.34566422,0.70709282,0.540378041,0.533286753,0.215112038,0.350374123,0.000571733,0.258663029,0.479584775
3,Co1.5CrFeNi1.5Ti,FCC + Im,654,0.422861681,0.5,0.6875,0.621023182,0.453971327,0.297606264,0.609813412,0.341835314,0.607091133,0.343857282,0.613832933,0.244388648,0.065564057,0.224068265,0.788091068,0.707487097,0.494274623,0.284002084,0.09881795,0.001841524,0.408731241,0.384775087
4,NbTaTiVW,BCC+HCP,447,0.235923024,0.520809939,0.305555556,0.113213441,0.754621306,0.790830678,0.623842593,0.965055291,0.627474119,0.964257996,0.727016497,0.619224709,0.058930366,0.335243398,0.246935201,0.45405188,0.205361112,0.81208963,0.584017331,0.019282277,0.726057299,0.155017301
5,CoFeMoNi1.6V,FCC + Im,520,0.236969903,0.499442239,0.702380952,0.725283117,0.521109509,0.393581313,0.800459957,0.408092196,0.74621842,0.466767243,0.742857932,0.271212887,0.034088525,0.117202964,0.766825119,0.291718135,0.35316878,0.402888409,0.466740535,0.004565219,0.57680764,0.381314879
6,AlCrCuFeNi,FCC + BCC,418.5,0.376481957,0.520809939,0.666666667,0.110891719,0.400590052,0.1557624,0.465172559,0.534788489,0.479965671,0.555297522,0.498438752,0.451697382,0.121377232,0.420805434,0.828371278,0.234305248,0.405794089,0.185513288,0.252300763,0.007024103,0.684856753,0.220069204
7,Al1.125CuFe0.75NiTi1.125,FCC,516,0.485714028,0.51076736,0.579861111,0.63269935,0.332250035,0.119872662,0.387073864,0.638641996,0.355890951,0.681678847,0.382478101,0.515596102,0.165314166,0.34566422,0.70709282,0.540378041,0.533286753,0.215112038,0.350374123,0.000571733,0.258663029,0.479584775
8,AlCoCrFeMo0.5Ni0.5,BCC + Im,708,0.398089694,0.66214895,0.555555556,0.403749782,0.410731572,0.263784851,0.603009259,0.611056625,0.621439682,0.602475318,0.606372102,0.530801348,0.098655228,0.503619237,0.753064799,0.313774382,0.439768128,0.272642001,0.523135067,0.003275042,0.517598909,0.367474048
9,Al1.5CoCrFeNi,BCC,467.7,0.430771025,0.505240243,0.558080808,0.139030516,0.361901409,0.163276272,0.497388659,0.568539614,0.51383166,0.575297556,0.513651813,0.527091661,0.128909077,0.483262179,0.801623945,0.30349341,0.468963866,0.209199867,0.242688891,0.001563359,0.428922237,0.31349481
10,CoFeNiSi0.5,FCC + Im,287,0.175906796,0.25812006,0.761904762,0.067387519,0.450349356,0.240157094,0.689228595,0.242444584,0.720883365,0.001170078,0.605148368,0.244482478,0.068259857,0.237823393,0.991993995,0.573324524,0.201471096,0.282885431,0.026478902,0.002261936,0.529058663,0.117647059
11,AlCoCuFeNiSi,FCC + BCC,682,0.453485431,0.706695053,0.652777778,0.087327804,0.353324421,0.126146111,0.479342031,0.540698887,0.536242379,0.518523951,0.451813166,0.496288569,0.137697401,0.377918723,0.931115003,0.470809035,0.405037705,0.219558798,0.279154076,0.002291577,0.482401091,0.269204152
12,HfMoTaTiZr,BCC,542,0.420629721,0.520809939,0.25,0.258935857,0.683630664,0.672143798,0.51651936,0.856440187,0.473797136,0.948523757,0.516455276,0.785132904,0.134052091,0.379075956,0.085814361,0.7231852,0.381827861,0.717457009,0.398420484,0.03558741,0.773806276,0.431141869
13,Al0.5CoCrCuFeNiV1.2,BCC,579,0.264993402,0.838645493,0.678689884,0.486883338,0.436543599,0.25289672,0.510771584,0.416661252,0.511160605,0.448784758,0.575444093,0.273580766,0.08032813,0.321293147,0.797631806,0.32416842,0.299566725,0.25921461,0.336720008,0.008108366,0.660300136,0.149480969
14,Al0.43CoCrFeMnNi,FCC + BCC,183,0.309412163,0.673063705,0.667229384,0.187343021,0.44475431,0.226672841,0.625427657,0.321202261,0.64744172,0.296387545,0.506618033,0.574433171,0.146859602,0.577874959,0.849774071,0.285267146,0.279312023,0.19294119,0.349864333,0.004730341,0.59781719,0.119723183
15,Al0.5CoCrCuFeNiTi1.6,FCC + BCC + Im,657,0.482797027,0.820101321,0.626369327,0.639069491,0.397764451,0.23582118,0.470311981,0.48732805,0.470405008,0.534647837,0.503846979,0.404373437,0.108665363,0.323729654,0.717668533,0.706151245,0.536975971,0.249543116,0.264354119,0.002337772,0.418826739,0.461591696
16,AlCoCrFeNiTiVZr,,780,0.645283915,1,0.461805556,0.906345917,0.34967501,0.281936226,0.404987374,0.613169205,0.406446119,0.671803424,0.465652546,0.515187877,0.135733055,0.393955059,0.597635727,0.561130103,0.756649468,0.32855654,0.433837069,0.001060935,0.119781719,0.78615917
17,CoCuFeMnNiSn0.05,FCC + Im,205,0.274944116,0.561195201,0.854235424,0.152630326,0.515947792,0.168549563,0.652574632,0.252623354,0.631043,0.283443488,0.483899024,0.521970337,0.144204833,0.543241232,0.94388861,0.202588632,0.334016328,0.176432651,0.381475382,0.023399883,0.873942701,0.12733564
18,NbTiV2Zr,BCC,304,0.504244311,0.238131918,0.25,0.277841004,0.327202323,0.500960799,0.206123737,0.284584679,0.237783619,0.43723163,0.419740805,0.3954361,0.136911662,0.282599232,0.260945709,0.59288156,0.526703659,0.585304846,0.411289526,0.045694725,0.795634379,0.433217993
19,HfMoNbTaTiZr,BCC,505,0.397047807,0.706695053,0.259259259,0.2178362,0.658799305,0.690059141,0.463383838,0.863312206,0.471428061,0.866106283,0.53139536,0.697927511,0.121145374,0.373084698,0.107997665,0.586902607,0.354380654,0.75490707,0.382558043,0.093229255,0.80218281,0.360553633
20,CoFeMo0.2NiV,FCC + Im,267,0.187940071,0.421186599,0.708994709,0.651612621,0.483627591,0.329229185,0.687725469,0.33764037,0.64317004,0.389590681,0.668282522,0.150872218,0.045552575,0.056296267,0.811858894,0.346920992,0.26412826,0.346112807,0.318032433,0.003462753,0.552251023,0.191695502
21,AlCoCuFeNiTi,FCC + BCC,626,0.475614327,0.706695053,0.652777778,0.581328604,0.38682217,0.149332803,0.470573793,0.562068231,0.439691394,0.614290318,0.457616034,0.479033984,0.13376871,0.374646111,0.773496789,0.524431932,0.539897394,0.227201668,0.306076832,0.001357526,0.354433834,0.455363322
22,Al0.5CoCrCuFeNiV0.6,FCC + BCC + Im,328,0.2700365,0.832700458,0.715391621,0.380287799,0.450200374,0.231394123,0.529663093,0.413984903,0.533248976,0.436263607,0.576941005,0.290524501,0.081482594,0.33737564,0.833883609,0.328165537,0.302511131,0.23837552,0.300852682,0.011257051,0.704229195,0.141176471
23,CoFeMo0.6NiV,FCC + Im,557,0.223839645,0.503730331,0.685990338,0.697362214,0.501131401,0.375247028,0.748504062,0.406285911,0.701251665,0.462765035,0.712037167,0.246380119,0.039088096,0.100479131,0.769435772,0.316928807,0.321855892,0.384348732,0.427308077,0.004299452,0.568894952,0.309342561
24,Al2CoCrFeNiTi,BCC,643,0.49829963,0.661945804,0.464285714,0.519378965,0.306787575,0.162184596,0.41896645,0.637755489,0.429314718,0.672400567,0.443378611,0.596592091,0.155537522,0.432229027,0.694270703,0.516216139,0.525027045,0.22303283,0.29508195,0.000619656,0.190177353,0.471280277
25,Al0.5CoCrCuFeNiV1.4,BCC,577,0.263154618,0.8307944,0.667874396,0.509740014,0.432519139,0.259233234,0.505204521,0.41691696,0.504651472,0.45177626,0.575002974,0.268409776,0.079987926,0.31634872,0.786948907,0.322990526,0.297999052,0.265355597,0.344065421,0.007537573,0.649386085,0.150865052
26,Al2CoCrFeMo0.5Ni,BCC,605,0.439405615,0.625218757,0.508547009,0.358818056,0.358407001,0.1882197,0.529064685,0.703804877,0.538288242,0.713754036,0.529701971,0.645839481,0.134937904,0.508509156,0.74700256,0.250119878,0.47624101,0.24291498,0.519289948,0.001867073,0.428103683,0.406920415
27,Al0.75CoCrFeMnNi,FCC + BCC,530,0.351061498,0.701560759,0.631642512,0.176040353,0.419638473,0.202503652,0.591727968,0.39455487,0.613329633,0.387251758,0.48201291,0.61523774,0.158998579,0.560856811,0.834158227,0.264445047,0.350928551,0.186147677,0.353111012,0.003358583,0.535607094,0.176470588
28,Al0.5HfNbTaTiZr,BCC,396,0.334439349,0.682228004,0.204545455,0.484462742,0.593563906,0.577838515,0.255193985,0.522432778,0.279037221,0.545801649,0.372574288,0.579369071,0.170573109,0.310716445,0.11065117,0.631811784,0.31065298,0.687100289,0.573695742,0.007955479,0.619372442,0.219377163
29,Al0.5CoCrCuFeNiTi1.8,FCC + BCC + Im,667,0.491570208,0.807280363,0.613774734,0.657771462,0.391259348,0.238705019,0.46255506,0.49299355,0.461952373,0.543308594,0.496791389,0.410824158,0.111092937,0.319588092,0.702564595,0.741290641,0.544229558,0.252985645,0.26552379,0.002131227,0.396725784,0.482352941
30,Hf0.5Mo0.5NbSi0.1TiZr,BCC + Im,442,0.461728866,0.548103131,0.234417344,0.382131183,0.454724633,0.569444602,0.316783177,0.963579341,0.373563346,0.94310982,0.419285203,0.737441943,0.15797862,0.311489263,0.148861646,0.771041674,0.3756306,0.674029919,0.395964118,0.012400378,0.696589359,0.348096886
31,CoFeMoNiV,FCC + Im,625,0.244197549,0.520809939,0.666666667,0.719709408,0.515834601,0.413902016,0.799558081,0.435197085,0.75004023,0.493449912,0.748791069,0.289153264,0.033657933,0.127754625,0.73380035,0.291735371,0.351401532,0.41646691,0.478368835,0.00493697,0.583901774,0.388235294
32,Al0.5CoCrCuFeNi,FCC,237.5,0.273742,0.682228004,0.76010101,0.137202577,0.46683681,0.20520005,0.552676385,0.407282291,0.560156627,0.416328436,0.578764517,0.310036842,0.08288894,0.355662106,0.878044897,0.333034751,0.300887395,0.21298972,0.222735264,0.024702575,0.772169168,0.125259516
33,CrNbTiVZr,BCC + Im,482,0.595586289,0.520809939,0.277777778,0.52722043,0.34840732,0.500634736,0.225063131,0.338223467,0.304832913,0.565850442,0.450910498,0.44851688,0.129801376,0.313351333,0.302977233,0.662055098,0.618525297,0.534861907,0.543044806,0.012139915,0.70313779,0.651211073
34,Al0.62CoCrFeMnNi,FCC + BCC,405,0.336143375,0.693756246,0.645610913,0.180515422,0.42949683,0.211990435,0.604955621,0.367100962,0.626719158,0.353914962,0.491670804,0.599549962,0.154233841,0.567727265,0.840287689,0.272618045,0.326242918,0.188814236,0.351984292,0.003806193,0.558799454,0.155017301
35,Al3CoCrCuFeNi,BCC,640,0.447791477,0.579968066,0.53125,0.082172223,0.318904716,0.07619464,0.386179503,0.66895509,0.395885855,0.703948619,0.41805521,0.630554863,0.171042971,0.440043283,0.781523643,0.201186407,0.481333392,0.168577384,0.280418758,0.001992759,0.498772169,0.339100346
36,AlCrCuFeNi0.6,FCC + BCC,496,0.386698131,0.503730331,0.637681159,0.0868957,0.386287703,0.149807642,0.4353636,0.543660145,0.459582685,0.575610726,0.481484285,0.469935928,0.128655531,0.419436284,0.809792127,0.229325313,0.405499316,0.176450597,0.248832489,0.00922759,0.71568895,0.219377163
37,Al1.25CoCrFeNi,BCC,493,0.413062889,0.516385874,0.583333333,0.146804906,0.379446519,0.180937869,0.520126864,0.53308298,0.536657446,0.53455168,0.535040245,0.486308884,0.117667517,0.480004284,0.812692853,0.322177856,0.453124087,0.215786992,0.22952599,0.001839177,0.4526603,0.287197232
38,Al0.81CoCrFeMnNi,FCC + BCC,539,0.357201969,0.703839033,0.625406387,0.174025821,0.415237257,0.198268325,0.585822547,0.406351971,0.607351945,0.401390758,0.477701191,0.62210793,0.161125772,0.557715009,0.831421759,0.260796252,0.360800254,0.184957204,0.353551777,0.003181951,0.525511596,0.185467128
39,Al0.3CoCrCuFe,FCC,180,0.243689282,0.452679032,0.738372093,0.110705915,0.466010362,0.219972467,0.518085408,0.379610501,0.548742654,0.405666069,0.576021109,0.285261146,0.080282794,0.316461902,0.854274427,0.362300609,0.244751097,0.201752366,0.214940162,0.016807578,0.891132333,0.085121107
40,Al0.3CrFe1.5MnNi0.5,FCC + BCC,297,0.313825539,0.390647025,0.609173127,0.099360339,0.420234155,0.240557397,0.615351676,0.316346116,0.657113026,0.280297847,0.458228666,0.61895464,0.169610714,0.562037434,0.813546206,0.21673502,0.233673517,0.17266745,0.366446486,0.006508063,0.674215553,0.087197232
41,Al0.5CoFeNi,FCC + BCC,212,0.342064059,0.25812006,0.742063492,0.044744262,0.455222554,0.181645891,0.657813252,0.375121658,0.619926284,0.406210228,0.584147511,0.354652288,0.088850982,0.430469149,0.914435827,0.322484272,0.396809244,0.245961438,0.183657269,0.002553143,0.567530696,0.211764706
42,Hf0.5Mo0.5NbSi0.3TiZr,BCC + Im,494,0.56710659,0.617026718,0.23126615,0.583455184,0.431683567,0.552352349,0.313202275,0.945867921,0.390662247,0.91621476,0.409620809,0.73591367,0.160902589,0.302347391,0.193662689,0.812714238,0.401296897,0.657997746,0.417405827,0.003955019,0.48622101,0.384775087
43,Al0.5CoCrCuFeNiTi,FCC + BCC + Im,636,0.443212827,0.842663389,0.668803419,0.553907105,0.419681641,0.22610486,0.49644684,0.465809676,0.498883887,0.502408966,0.52761889,0.379631439,0.100486306,0.336343084,0.768557187,0.587758511,0.499342861,0.237944442,0.257356861,0.003401305,0.508049113,0.377854671
44,Al0.3HfNbTaTiZr,BCC,353,0.335418752,0.649699154,0.211215933,0.384293494,0.616209559,0.607478356,0.264073518,0.511165373,0.288265412,0.532067237,0.384199931,0.561465365,0.16323693,0.303600946,0.093348313,0.659007698,0.305514302,0.710354253,0.522261883,0.016685656,0.71787176,0.220069204
45,AlNbTiV,BCC,448,0.250048553,0.293304947,0.201388889,0.575741297,0.246531139,0.346151589,0.180871212,0.277150659,0.235638041,0.447307321,0.369283484,0.507783345,0.171864132,0.348005216,0.345884413,0.522219988,0.209136711,0.46482543,0.735955836,0.001382669,0.381991814,0.114878893
46,Al0.5CoCrCuFeNiV2.0,BCC,587,0.257409354,0.792861034,0.638888889,0.55660235,0.421733585,0.276215091,0.490284792,0.416296053,0.487206995,0.458120986,0.573820774,0.254110124,0.079076178,0.302590148,0.758318739,0.319833769,0.292263079,0.281813445,0.357989322,0.006418651,0.624829468,0.152941176
47,MoNbTiV,BCC,441,0.26400787,0.293304947,0.305555556,0.080599712,0.419397962,0.612664499,0.522569444,0.889381396,0.554792684,0.84599879,0.646025035,0.54936088,0.073421439,0.312010113,0.284588441,0.544942691,0.221527079,0.643564356,0.449814167,0.021557367,0.757162347,0.150865052
48,AlCoCuFeNi,FCC + BCC,536,0.376481957,0.520809939,0.75,0.021699897,0.432120961,0.110983101,0.527251684,0.521327312,0.49525291,0.564263032,0.499875653,0.453742108,0.121068089,0.422160741,0.894921191,0.231570481,0.433538899,0.197602918,0.272861232,0.005050092,0.651568895,0.247058824
49,AlNb1.5Ta0.5Ti1.5Zr0.5,BCC,408,0.223645578,0.414114887,0.194444444,0.628551252,0.367399622,0.446108331,0.182659933,0.4622167,0.245695435,0.56035551,0.358285667,0.585247793,0.180809954,0.334802337,0.245183888,0.593766338,0.217207882,0.58134445,0.759305015,0.002189614,0.416643929,0.080968858
50,Co1.5CrFeNi1.5Ti0.5,FCC,509,0.325112843,0.456742492,0.734848485,0.487267846,0.480666155,0.293653987,0.648234236,0.277704866,0.647564526,0.2507044,0.647243386,0.164547329,0.053590625,0.173354498,0.844610731,0.591009634,0.384140074,0.275711782,0.078738837,0.003162285,0.537789905,0.232525952
51,Al2CoCrFeNi,BCC,484.3,0.45326619,0.471130035,0.513888889,0.124875009,0.331197468,0.132368477,0.457596801,0.626388968,0.473886535,0.641020791,0.476222056,0.592368554,0.148581807,0.479338107,0.782253357,0.27079563,0.48625691,0.197672399,0.261552954,0.001183449,0.396180082,0.348788927
52,Hf0.5Mo0.5NbTiZr,BCC + Im,400,0.390970993,0.469978711,0.236111111,0.231889642,0.467109206,0.578631688,0.318707912,0.972776225,0.364372687,0.957349725,0.424479814,0.737885804,0.156406987,0.31632114,0.124781086,0.74864267,0.360465409,0.682647212,0.383339691,0.25772269,0.818008186,0.325951557
53,Cu31.6Mn31.6Ni31.6Sn5,FCC + Im,205,0.430728307,0.146579515,0.870296148,0.260097274,0.512674452,0.091248128,0.57167597,0.385483978,0.566393958,0.362040545,0.36571892,0.665352894,0.207927641,0.498131433,0.948043197,0.039087997,0.75678813,0.113139254,0.430442355,0.029156285,0.796998636,0.539100346
54,HfMo0.75NbTaTiZr,BCC,492,0.386997649,0.701560759,0.251207729,0.206099964,0.657663562,0.682738478,0.423240558,0.839038435,0.434920206,0.839932175,0.503566421,0.683033621,0.127664257,0.355687103,0.098606564,0.612332683,0.344085762,0.75356277,0.391911975,0.451441581,0.819918145,0.33633218
55,Hf0.5Nb0.5Ta0.5Ti1.5Zr,BCC,301,0.320979397,0.403294303,0.201388889,0.213225916,0.491771539,0.550644626,0.222038089,0.485294827,0.229435981,0.552214776,0.329423305,0.525916486,0.180462169,0.232023311,0.089754816,1,0.312129093,0.645127671,0.480363229,0.03061724,0.874215553,0.208304498
56,AlCrCuFeNi1.2,FCC + BCC,407,0.371532787,0.517900674,0.679487179,0.119293626,0.406916091,0.158396236,0.478357291,0.529077795,0.488981222,0.545598848,0.505937843,0.442972835,0.118157984,0.420826236,0.83658898,0.236507912,0.40507969,0.189521786,0.252786114,0.006394189,0.673396999,0.219377163
57,CoFeMo0.4NiV,FCC + Im,402,0.208587461,0.475405284,0.696969697,0.678354395,0.49277731,0.353283967,0.719496097,0.379516503,0.673530889,0.434256451,0.691154268,0.209355137,0.042173415,0.08152491,0.789683171,0.331243259,0.298031094,0.366099768,0.384040319,0.003916095,0.560709413,0.256747405
58,Al0.38CoCrFeMnNi,FCC,182,0.30116062,0.665170262,0.673172243,0.189199659,0.44894855,0.230708994,0.631055365,0.307686825,0.653138296,0.278867155,0.510726986,0.567344516,0.144832444,0.580554014,0.852381851,0.28874435,0.264031269,0.194075678,0.349202193,0.005048309,0.609004093,0.109342561
59,HfNbSi0.5TiV,BCC + lm,490,0.632208537,0.491911778,0.228395062,0.703059092,0.431793154,0.52005359,0.266683034,0.151911238,0.36690566,0.386032756,0.396946893,0.339948522,0.137375377,0.187175489,0.255886359,0.934155551,0.449740003,0.591048579,0.464673001,0.002119552,0.359618008,0.490657439
60,Al0.5CoCrCuFeNiTi0.8,FCC + BCC,590,0.423626859,0.841415274,0.684744268,0.51095858,0.427915083,0.222454814,0.506264697,0.456786663,0.509582302,0.4890754,0.536549079,0.369133887,0.09741375,0.340523139,0.787674089,0.543282934,0.478829301,0.233587269,0.253407125,0.004053465,0.547066849,0.341176471
61,CoFeMoNi1.2V,FCC + Im,602,0.241818949,0.517900674,0.679487179,0.722964927,0.517728158,0.406607405,0.799881831,0.425635386,0.748668298,0.484083408,0.746661225,0.282890254,0.033812505,0.12403013,0.745655395,0.291729184,0.352563318,0.411592576,0.474584447,0.00479327,0.580354707,0.386851211
62,Hf0.5Mo0.5NbSi0.7TiZr,BCC + Im,580,0.704058769,0.662245892,0.225768322,0.82952631,0.391484262,0.522531822,0.306954742,0.912946066,0.420494373,0.868065012,0.392759525,0.730851907,0.166003983,0.285889765,0.27182621,0.885419564,0.438986868,0.63002672,0.448995137,0.001368015,0.170259209,0.436678201
63,CoCrFeMoNiTiVZr,,850,0.630577152,1,0.513888889,0.883778875,0.436108422,0.415192681,0.57583649,0.670379465,0.56602344,0.714905739,0.604023322,0.508651297,0.086511709,0.370797551,0.566987741,0.572491454,0.753742828,0.417926003,0.46412307,0.002654658,0.338608458,0.861591696
64,Al0.5CoCrFeNi,FCC + BCC,184,0.304524375,0.491911778,0.675925926,0.173600888,0.443778587,0.245697057,0.603500281,0.38282532,0.620351994,0.354750089,0.613464497,0.304574629,0.076448463,0.406425072,0.853278848,0.39068749,0.339900796,0.239939783,0.161467535,0.003681785,0.573806276,0.161937716
65,Al0.5NbTa0.8Ti1.5V0.2Zr,BCC,530,0.326376785,0.569499016,0.208333333,0.487190776,0.436454156,0.516259668,0.211910774,0.530268629,0.238936866,0.583270975,0.372466772,0.583723585,0.172123039,0.321022914,0.195446585,0.669535492,0.321971161,0.628744138,0.643076208,0.006030581,0.593997271,0.182698962
66,Al2.5CoCrCuFeNi,FCC + BCC,620,0.438388911,0.62280003,0.564814815,0.09113437,0.340601423,0.095115433,0.410599046,0.637329958,0.419978902,0.669827538,0.441625908,0.594153241,0.158113713,0.446855231,0.795680093,0.220524164,0.475844238,0.175091193,0.276379739,0.002439573,0.522237381,0.322491349
67,Al0.5CoCrCuFeNiTi1.4,FCC + BCC + Im,664,0.472122886,0.8307944,0.639694042,0.616264791,0.40464666,0.232770161,0.47851858,0.480969276,0.479347651,0.52503136,0.511311588,0.397103007,0.10609706,0.327916244,0.733648062,0.668974783,0.527492144,0.24590102,0.262678383,0.002602905,0.444747613,0.438062284
68,AlCoCuFeNiZr,FCC + BCC + Im,472,0.69330461,0.706695053,0.652777778,1,0.417707709,0.165998238,0.440761785,0.653312025,0.411754188,0.712329023,0.437536268,0.545444865,0.149805498,0.399637779,0.755983654,0.276828206,0.878027293,0.27583811,0.545497602,0.000699752,0.196180082,0.884429066
69,CoFeNiSi0.25,FCC,149,0.128211724,0.190329494,0.807692308,0.054479433,0.488119174,0.243095243,0.723800505,0.168073375,0.719321337,0.000770919,0.635428955,0.16482243,0.056522618,0.181739094,0.982756298,0.489195502,0.144489294,0.279312142,0.017038855,0.004235573,0.641200546,0.069896194
70,Al2.8CoCrCuFe,BCC,657,0.450830446,0.402057122,0.477124183,0.0446881,0.292276446,0.06277036,0.334923995,0.668500448,0.359679236,0.729002164,0.387959942,0.655868381,0.18495156,0.42222681,0.749459153,0.196425403,0.461313896,0.153633939,0.266096919,0.002386501,0.567530696,0.315570934
71,CoCrCuFe,FCC,134,0.061664465,0.293304947,0.791666667,0.122555924,0.501452081,0.252041697,0.555450337,0.29232757,0.587311591,0.304500657,0.614385587,0.147942557,0.058930366,0.099521619,0.875656743,0.396139151,0,0.211568525,0.192324326,0.005013697,1,0
72,CoFeNi,FCC,125,0.002255945,0,0.861111111,0.034280818,0.532183961,0.246523083,0.7641344,0,0.717498972,0,0.670756307,0.007467526,0.042829173,0.00332628,0.971978984,0.391044976,0.00812707,0.275143304,0,0.029896019,0.796180082,0.003460208
73,Al0.5CoCrCuFeNiTi1.2,FCC + BCC + Im,646,0.459118165,0.838645493,0.653814262,0.58834232,0.411939748,0.229536993,0.487215124,0.473830414,0.488824184,0.514334566,0.519221846,0.388900425,0.103375425,0.332129219,0.750581593,0.62957883,0.515205429,0.242041486,0.26039048,0.002943299,0.474215553,0.410380623
74,HfNbTiVZr,BCC + lm,388,0.480665123,0.520809939,0.222222222,0.289977814,0.461807956,0.536066899,0.217697811,0.315323596,0.254948238,0.450092576,0.361269999,0.417112638,0.160251951,0.239620519,0.131348511,0.774663181,0.468798634,0.632412715,0.384269324,0.308930427,0.830013643,0.482352941
75,Al0.20CoCrFeMnNi,FCC,171,0.265787711,0.623908589,0.695512821,0.196104048,0.464715665,0.245881826,0.652211215,0.252139701,0.674553039,0.202281274,0.526173487,0.539950717,0.137211888,0.590160801,0.8621851,0.30181596,0.192895523,0.198340482,0.346409493,0.006667507,0.653478854,0.069204152
76,HfNbSi0.5TiVZr,BCC + lm,464,0.657747609,0.682228004,0.217171717,0.682036691,0.416129208,0.50569365,0.219706535,0.297543167,0.299152009,0.5421878,0.347654611,0.417177809,0.165760316,0.226983379,0.220506289,0.855784875,0.500108971,0.604860486,0.415804367,0.002851029,0.398908595,0.534256055
77,AlCoCrFeNb0.1Ni,BCC,569,0.399414854,0.587030797,0.605119826,0.297520973,0.401410774,0.211723865,0.538326484,0.497753604,0.55976222,0.483266465,0.559499447,0.432319059,0.104347095,0.467491926,0.812987191,0.334157391,0.452787382,0.237133311,0.357270961,0.00214843,0.458117326,0.294809689
78,AlFeNiTiVZr,BCC,800,0.644198254,0.706695053,0.398148148,0.941671643,0.305382689,0.256605671,0.350448934,0.706974365,0.321908134,0.765478911,0.38098133,0.552923918,0.17022181,0.352658664,0.528312901,0.540652859,0.726969971,0.355046031,0.470045913,0.000365058,0.001091405,0.811072664
79,AlLiMg0.5ScTi1.5,FCC + HCP,591,0.352523777,0.467462413,0,0.649490158,0,0,0,0.746595725,0,0.798626192,0,1,1,1,0,0.544460084,0.407229039,0.070870245,1,0.040435783,0.846930423,0.240138408
80,HfMo0.25NbTaTiZr,BCC,395,0.357642939,0.63785802,0.232804233,0.17171183,0.655067577,0.666005535,0.331484488,0.696727901,0.35147368,0.699099418,0.439957419,0.610534658,0.142564561,0.31261281,0.077141189,0.670458572,0.315428978,0.750490087,0.412639124,0.04625166,0.866575716,0.267820069
81,Al1.8CoCrCuFeNi,FCC + BCC,650,0.413681984,0.67567289,0.620098039,0.105156069,0.376337176,0.126279093,0.450819469,0.580697137,0.459661567,0.608402175,0.480448235,0.5277141,0.136818465,0.449075016,0.8189966,0.252374587,0.455320633,0.18581982,0.266540267,0.003551541,0.573533424,0.283737024
82,Ti0.5NbMoTaW,BCC,481.2,0.163974072,0.491911778,0.351851852,0.083838027,0.906703135,0.926786812,0.909687149,0.782769799,0.90687598,0.75372814,0.916257549,0.499669268,0.02191909,0.370351729,0.232535513,0.220971021,0.107347404,0.930577268,0.389115132,0.012336395,0.665757162,0.089965398
83,Al0.75CoFeNi,FCC + BCC,385,0.390921525,0.286165981,0.694444444,0.0461567,0.424437991,0.155695014,0.615284792,0.456411938,0.580897209,0.489126947,0.549503993,0.435097088,0.107259706,0.462707668,0.891418564,0.295059991,0.450254963,0.234288692,0.218208208,0.001676963,0.497680764,0.275432526
84,AlCoCrFeNb0.5Ni,BCC + Im,747,0.430771025,0.682228004,0.583333333,0.594334842,0.411100355,0.253026555,0.513554102,0.517835217,0.552476435,0.47093288,0.562888271,0.411494873,0.100875436,0.457015539,0.769781882,0.302981555,0.515197678,0.288407788,0.610773835,0.00179553,0.375989086,0.423529412
85,Al0.4Hf0.6NbTaTiZr,BCC,500,0.330354372,0.658043136,0.211111111,0.448504326,0.575392984,0.588011756,0.250189394,0.541082483,0.276457652,0.563650493,0.387112106,0.583019879,0.165507381,0.323181781,0.127845884,0.601375427,0.307727339,0.697863471,0.572533275,0.009849481,0.654843111,0.202768166
86,AlCoCrFe1.5Mo0.5Ni,BCC + Im,635,0.377874897,0.662238781,0.606481481,0.381743956,0.428540697,0.260953176,0.633224607,0.545740977,0.639051297,0.541548684,0.612727624,0.474524378,0.090295489,0.477450088,0.789550496,0.307929486,0.426238927,0.272711482,0.474275465,0.003539027,0.53478854,0.338408304
87,CoCrFeNi,FCC,114.5,0,0.293304947,0.756944444,0.195145476,0.500069147,0.302361347,0.67645202,0.195981461,0.693584723,0.045916156,0.682085717,0,0.040381791,0,0.888791594,0.45063342,0.029338565,0.261073476,0.0411394,0.010211165,0.722510232,0.010380623
88,TiNbMoTaW,BCC,507.5,0.173140198,0.520809939,0.333333333,0.079339607,0.832065643,0.868216262,0.837436869,0.83964619,0.832376763,0.827720261,0.849263588,0.582383362,0.039454363,0.408147541,0.22591944,0.397747838,0.099987794,0.875039083,0.478556386,0.013721832,0.682946794,0.080968858
89,Al0.5BCoCrCuFeNi,,736,1,0.842663389,0.647435897,0.973179977,0.388902482,0.260132445,0.557959402,0.368735688,0.421931927,0.856443557,0.589601175,0.276847628,0.077360039,0.335313641,0.949077193,0.853810577,0.471109552,0.268729707,0.414986527,0.003571113,0.507776262,0.214532872
90,Hf0.5Mo0.5NbSi0.5TiZr,BCC + Im,524,0.644306658,0.648955123,0.228395062,0.723346435,0.410690597,0.536779407,0.309939675,0.929010741,0.406241246,0.891263683,0.400815472,0.733670864,0.16356665,0.293836803,0.234481417,0.850682575,0.422044456,0.643390655,0.43478705,0.002159769,0.313233288,0.41384083
91,Cu26.6Mn26.6Ni26.6Zn20,FCC,109,0.288918328,0.286283027,0.981629927,0.141847604,0.494521704,0.027553971,0.511106599,0.446237051,0.485504829,0.514670398,0.295280439,0.800512507,0.262736231,0.46504481,0.86556651,0.049532776,0.286837274,0.023434049,0.881444857,0.005762323,0.704502046,0.162629758
92,CrNbTiZr,BCC + Im,418,0.606075147,0.293304947,0.270833333,0.593261996,0.361084221,0.507916806,0.201651936,0.375160402,0.309392265,0.630722348,0.423581751,0.515818294,0.145103949,0.318023849,0.27145359,0.756686105,0.606930168,0.550807712,0.59802974,0.009208917,0.690313779,0.716262976
93,AlCrFeNiMo0.5Ti0.4,BCC + Im,731.9,0.454004449,0.648585329,0.506802721,0.525977713,0.375294579,0.269693509,0.565328025,0.676708469,0.577726279,0.678574395,0.56200751,0.590324486,0.114189659,0.478436337,0.689981772,0.386618351,0.479752236,0.281396561,0.529713782,0.00187178,0.387175989,0.451211073
94,CoCrFeMnNiV0.5,FCC,186,0.214785887,0.682228004,0.684343434,0.38162833,0.466669181,0.282884032,0.644886364,0.224766693,0.662559186,0.18937631,0.546057441,0.47673941,0.122691089,0.584821656,0.833466009,0.314360821,0.121586461,0.227770145,0.389769255,0.007385654,0.655934516,0.051211073
95,Al0.5CoCrCuFeNiV1.0,FCC + BCC + Im,639,0.266768135,0.842663389,0.69017094,0.45883053,0.440815719,0.246170266,0.516681235,0.416117062,0.518070301,0.445254816,0.575912358,0.278978536,0.08068927,0.326436507,0.808972114,0.3254188,0.300885766,0.252695715,0.327452839,0.008845449,0.672851296,0.147404844
96,Al0.375CoCrFeNi,FCC,163.5,0.269802127,0.470382902,0.694444444,0.178669772,0.456645001,0.258648895,0.620174964,0.34714527,0.637090904,0.308979116,0.629149347,0.258095697,0.068204653,0.370558652,0.861396047,0.404389417,0.300785765,0.244770342,0.142362896,0.004388573,0.604365621,0.130103806
97,Cu30Mn30Ni30Al10,FCC + Im,241,0.292435739,0.21942835,0.819444444,0.152195398,0.465311391,0.086599034,0.546085859,0.427329734,0.522474924,0.481169414,0.339716488,0.713930634,0.225056032,0.476006057,0.910683012,0.036069174,0.309390242,0.113392392,0.414151969,0.003797635,0.654570259,0.134948097
98,AlCoCrFeMo0.5Ni2,FCC + BCC + Im,395,0.364125753,0.625218757,0.658119658,0.402540962,0.446347457,0.254659605,0.650309182,0.519998987,0.642885141,0.517279325,0.626458954,0.447186348,0.084583281,0.473777082,0.819749427,0.308651333,0.435231336,0.276586363,0.452002992,0.0030093,0.508867667,0.344636678
99,CoCrCuFeNiTiVZr,,680,0.642799253,1,0.600694444,0.920418052,0.421818098,0.310758824,0.442997685,0.513175224,0.438294534,0.578067526,0.51041753,0.378063139,0.104094211,0.301938128,0.650175131,0.581439775,0.796946811,0.331162064,0.421482586,0.002790948,0.39781719,0.76816609
100,Al1.5CoCrCuFe,FCC + BCC,510,0.41557149,0.505240243,0.583333333,0.073399787,0.36290718,0.126680162,0.409387435,0.570279677,0.436542109,0.619702035,0.464415355,0.535849518,0.142398949,0.439114693,0.792071326,0.263861214,0.436673927,0.173196267,0.256010153,0.005333933,0.657298772,0.259515571
101,AlCrCuFeNi0.8,FCC + BCC,486,0.381540951,0.517107559,0.652777778,0.100309886,0.393736843,0.152909078,0.450889099,0.539776959,0.470198824,0.565312795,0.490314737,0.460694361,0.12486475,0.420368093,0.819468768,0.231919029,0.405976169,0.181170749,0.25106088,0.007905709,0.698772169,0.220069204
102,Al0.5CoCrCuFeNiV1.6,BCC,594,0.261268841,0.820101321,0.657668232,0.528480716,0.428721409,0.265212761,0.499951095,0.416920916,0.49850905,0.454293815,0.574586706,0.263450132,0.079666888,0.311590825,0.776867862,0.321878992,0.296233236,0.271150614,0.349874964,0.0070927,0.640109141,0.151557093
103,CrMo0.5NbTa0.5TiZr,BCC + Im,540,0.553930685,0.66214895,0.291666667,0.528597422,0.483012953,0.599486125,0.362373737,0.835358118,0.43155608,0.811880709,0.533090166,0.608557855,0.115503517,0.381904192,0.259194396,0.598511965,0.550023044,0.624491923,0.598185854,0.013593952,0.695770805,0.638062284
104,AlCo1.5CrFeMo0.5Ni,BCC + Im,741,0.374828152,0.662238781,0.618055556,0.400882817,0.436146837,0.259005856,0.630155724,0.546028997,0.635587084,0.541996136,0.623366216,0.471246534,0.087976917,0.485784483,0.795388208,0.337086936,0.43598444,0.274622199,0.472996917,0.003264858,0.518417462,0.349480969
105,Al2.8CoCrCuFeNi,BCC,650,0.444636703,0.59735624,0.544159544,0.085661991,0.327249603,0.083471868,0.395571635,0.65703884,0.405152412,0.691105576,0.427120863,0.616895325,0.166070179,0.443075647,0.786968431,0.208624006,0.47978409,0.171082695,0.27903855,0.0021518,0.507230559,0.333564014
106,CoFeMoNiTiVZr,,790,0.640295699,0.863858677,0.523809524,0.937804174,0.440734668,0.407380759,0.599041005,0.692748832,0.558049364,0.772084565,0.58801609,0.554937176,0.094150575,0.377724272,0.556667501,0.56436184,0.764369405,0.446363433,0.443948811,0.001855165,0.262482947,0.937024221
107,MoNbTaVW,BCC,536,0.198960066,0.520809939,0.361111111,0.133208204,0.859539944,0.894301291,0.863741582,0.786951645,0.857319101,0.769893561,0.912045097,0.42961708,0.013718216,0.225112768,0.278458844,0.056706214,0.205458105,0.894215737,0.41357069,0.015611332,0.696589359,0.16816609
108,Al2CoCrCuFeNi,FCC + BCC,560,0.422569459,0.661945804,0.603174603,0.10095575,0.36539766,0.116739198,0.438507095,0.598641246,0.447513812,0.627914085,0.468563849,0.548948299,0.143337418,0.449789599,0.811858894,0.242624458,0.463284818,0.182535547,0.26997514,0.00314555,0.556343793,0.297577855
109,AlCrFeNiMo0.8,BCC + Im,854,0.403069199,0.517107559,0.53125,0.484759236,0.412560119,0.30054083,0.648174453,0.668278932,0.658216221,0.657067539,0.626405814,0.582631492,0.098329984,0.522881926,0.710741389,0.229070313,0.438964972,0.305106826,0.62190244,0.003031567,0.515961801,0.421453287
110,CoCuFeMnNiSn0.03,FCC,192,0.24944623,0.548231568,0.856969295,0.142794005,0.516342685,0.170970916,0.65537478,0.243609154,0.63207666,0.282339764,0.484714032,0.521853915,0.144070656,0.544648124,0.943916188,0.204057777,0.250847227,0.177059581,0.380658832,0.023140396,0.874215553,0.083044983
111,Al0.7Co0.3CrFeNi,FCC + BCC + B2,624,0.370821665,0.449005927,0.611111111,0.162924605,0.400682248,0.222981888,0.553267045,0.473571194,0.577421821,0.453621162,0.566802067,0.401380242,0.098742175,0.453240139,0.818301226,0.327327569,0.401476375,0.224596144,0.197982199,0.002446237,0.509959072,0.224913495
112,CoCrFeMo0.5Ni,FCC + Im,210,0.180134722,0.491911778,0.722222222,0.471648968,0.520608286,0.364147239,0.755366162,0.34388127,0.762198502,0.285193342,0.736460742,0.1899414,0.032696155,0.073960722,0.826036194,0.400786469,0.265791301,0.319379306,0.436494175,0.010846935,0.707503411,0.234602076
113,Al3.0CoCrCuFe,BCC,644,0.452237491,0.38382218,0.464285714,0.040994451,0.283738665,0.055045,0.32592292,0.678741843,0.35038812,0.740428988,0.378718079,0.668207519,0.190095282,0.417724201,0.744308231,0.188273821,0.460916389,0.151269262,0.266332411,0.002207599,0.560709413,0.319031142
114,Al0.75CoCrFeNi,FCC + BCC,334,0.354536585,0.514825402,0.641812865,0.164021157,0.420077299,0.221838409,0.572783759,0.442708281,0.58951716,0.428262291,0.584571351,0.379126555,0.09163443,0.448949944,0.838326113,0.365447099,0.394370696,0.231041387,0.190930215,0.002777682,0.523055935,0.21384083
115,Al0.5CoCrCuFeNiTi2,FCC + BCC + Im,696,0.498774055,0.792861034,0.601851852,0.673133135,0.385101185,0.241435053,0.455211841,0.498040396,0.453950544,0.551119281,0.490112097,0.416550286,0.11339104,0.315505069,0.6882662,0.774555935,0.549687206,0.256244572,0.266272678,0.001959903,0.377080491,0.500346021
116,Al0.2Co1.5CrFeNi1.5Ti,FCC + Im,717,0.4376745,0.593030397,0.666218638,0.608170171,0.439115933,0.281308731,0.590783507,0.382936091,0.588620134,0.390523439,0.596112346,0.298457683,0.075222695,0.301270798,0.78102932,0.681797837,0.50728953,0.277126864,0.137567163,0.001689994,0.370804911,0.402768166
117,AlCrFeNiMo0.5Ti0.75,BCC + Im,766.2,0.476541552,0.679758727,0.484126984,0.584109555,0.360963488,0.274452696,0.540118446,0.692448176,0.550003448,0.704575895,0.540961539,0.604101716,0.119728469,0.456526615,0.655074639,0.493426407,0.495821152,0.287649818,0.510962246,0.001503689,0.320873124,0.490657439
118,NbTiVZr,BCC,335,0.474549389,0.293304947,0.236111111,0.267371955,0.334577974,0.508324385,0.177977694,0.292603188,0.225580647,0.496732235,0.384619636,0.441640046,0.153991808,0.277920166,0.218914186,0.670219184,0.480276718,0.613861386,0.4330237,0.47383552,0.821555252,0.392387543
119,Al0.5CoCrCuFeNiV0.4,FCC + BCC,231,0.271471958,0.812784439,0.729284369,0.32386015,0.455369888,0.223254722,0.536814116,0.412288061,0.54161011,0.430606967,0.577507633,0.296712632,0.081919594,0.343202672,0.847606044,0.329678569,0.30263972,0.230487277,0.281713788,0.013405741,0.723601637,0.137024221
120,AlCoCrFeMo0.5Ni1.5,FCC + BCC + Im,586,0.374828152,0.662238781,0.62962963,0.406613106,0.436454156,0.257194396,0.637170314,0.546067622,0.63692807,0.541735833,0.620879273,0.471233433,0.088492155,0.483744998,0.801225919,0.310074402,0.439066318,0.275490707,0.472650447,0.003083817,0.506684857,0.355017301
121,Al2.3CoCrCuFeNi,FCC + BCC,600,0.432994729,0.639090479,0.579528158,0.09495243,0.350112308,0.10340948,0.421303503,0.622811898,0.430540237,0.654122861,0.451958269,0.577279127,0.152446093,0.44865827,0.801885661,0.229000989,0.471872627,0.177946562,0.274148751,0.002681705,0.534515689,0.31349481
122,CoFeMoNi1.4V,FCC + Im,538,0.239403059,0.510336657,0.691358025,0.72473232,0.519481451,0.399853135,0.8001816,0.416616945,0.747397991,0.475202676,0.744689147,0.276917156,0.033955627,0.120519479,0.756632289,0.291723455,0.353116521,0.407079304,0.470696556,0.004673003,0.578171896,0.384775087
123,Al0.5CoCrFeMo0.5Ni,FCC + Im,425,0.323006574,0.66214895,0.652777778,0.437310382,0.467892869,0.306970789,0.681818182,0.481378152,0.689427667,0.459266282,0.669264141,0.382495544,0.065924724,0.425911003,0.800350263,0.351819827,0.38827449,0.2945284,0.473138521,0.004887684,0.586084584,0.314878893
124,Ti0.25NbMoTaW,BCC,478.3,0.156167712,0.438255099,0.362745098,0.085442403,0.950607542,0.961240077,0.952187314,0.747442351,0.950699048,0.707516636,0.955665761,0.444992365,0.011604224,0.32223407,0.23642732,0.116984658,0.111268293,0.963246789,0.32200615,0.011346522,0.655661664,0.09550173
125,Al0.5B0.2CoCrCuFeNi,,415,0.539422286,0.773965268,0.734405458,0.444528678,0.449062314,0.217728491,0.553881284,0.398723778,0.528631696,0.532696633,0.581236035,0.302691725,0.081627963,0.351411279,0.894245245,0.451808185,0.347972662,0.225702349,0.29049215,0.010589615,0.70313779,0.149480969
126,AlCuFeNiTi,FCC,516,0.48612011,0.520809939,0.611111111,0.601098668,0.351910755,0.130003435,0.419928451,0.614414574,0.387974039,0.662109436,0.404487551,0.490674677,0.154223665,0.351121707,0.73380035,0.506173336,0.533020214,0.216779573,0.335136119,0.000880193,0.325784447,0.46366782
127,CoCuFeMnNiSn0.10,FCC + Im,253,0.328984067,0.587030797,0.847494553,0.175392946,0.514974108,0.162579266,0.645670347,0.27389389,0.62849432,0.28611993,0.48188947,0.522231888,0.144535672,0.539766379,0.943820611,0.198966182,0.483345769,0.174886839,0.383446679,0.024176409,0.872851296,0.236678201
128,Al0.10CoCrFeMnNi,FCC,180,0.241036588,0.587030797,0.708605664,0.200096947,0.473956088,0.254773965,0.664609741,0.214758131,0.687103292,0.143029473,0.535226011,0.523321177,0.13274581,0.595423464,0.86793036,0.309476664,0.134873866,0.200839898,0.344551107,0.008120808,0.681309686,0.044290657
129,CrHfNbTiZr,BCC + lm,464,0.598709999,0.520809939,0.25,0.582616944,0.483012953,0.535740837,0.236637205,0.357190818,0.321997533,0.553705865,0.392439692,0.4974,0.153141665,0.274465392,0.173380035,0.843836718,0.578257967,0.581969776,0.533159282,0.014376425,0.717326057,0.838754325
130,Ti0.75NbMoTaW,BCC,495.6,0.169398994,0.514825402,0.342105263,0.08175414,0.867420245,0.895960207,0.871660686,0.813221137,0.867665866,0.793366362,0.88099757,0.544642279,0.031148181,0.395310299,0.229053369,0.314011451,0.1035867,0.901346644,0.439290159,0.013092449,0.674761255,0.085813149
131,Al0.5B0.6CoCrCuFeNi,,505,0.822357721,0.832700458,0.688069217,0.770338473,0.417009944,0.240320762,0.556054051,0.382954049,0.471783458,0.712475868,0.585692872,0.289121568,0.079354069,0.343180251,0.923458988,0.665989787,0.419189092,0.248626761,0.370077557,0.00519919,0.591814461,0.186851211
132,Al3CoCrFeNi,BCC,506,0.470408056,0.38382218,0.444444444,0.101014419,0.282948417,0.083799086,0.395066739,0.707446582,0.411115624,0.732058581,0.417403868,0.681333752,0.179496097,0.455960173,0.75181386,0.219413404,0.491894406,0.179557805,0.281637799,0.000763077,0.369167804,0.38200692
133,Cu25Mn25Ni25Zn25,FCC,147,0.298293892,0.293304947,1,0.133401329,0.488775181,0.00484937,0.487978746,0.47409465,0.46293515,0.544908109,0.276713919,0.826254128,0.275910039,0.450033734,0.845008757,0.049428916,0.307920972,0,0.964929393,0.004653794,0.68622101,0.18615917
134,Al0.56CoCrFeMnNi,FCC + BCC,278,0.328405581,0.688585503,0.652278177,0.182633624,0.434202327,0.216518576,0.611269318,0.353432318,0.633110119,0.337051068,0.496280618,0.591913887,0.151959582,0.570921847,0.843213345,0.276519102,0.313031244,0.190087013,0.351378993,0.004058288,0.57053206,0.144636678
135,Al0.49CoCrFeMnNi,FCC + BCC,220,0.318588464,0.681040779,0.660240842,0.185148653,0.439822067,0.221926501,0.61880972,0.336560351,0.640742796,0.315939504,0.501786085,0.582666246,0.149243452,0.574662052,0.846707435,0.281178107,0.295842204,0.191607081,0.350599316,0.004391295,0.584720327,0.131487889
136,AlCrFeNiMo0.2,BCC,549,0.417476564,0.421186599,0.543650794,0.287549163,0.373651364,0.220841751,0.542673761,0.612541604,0.564945862,0.600787336,0.548540796,0.535929082,0.11648983,0.488017607,0.76599116,0.261507378,0.445103251,0.236432666,0.420981705,0.001983287,0.474215553,0.329411765
137,AlCoCrFe0.5Mo0.5Ni,BCC + Im,755,0.393988692,0.66214895,0.583333333,0.437310382,0.420227723,0.259274315,0.607744108,0.611523987,0.618891809,0.602732148,0.61615408,0.526441524,0.096491228,0.511479982,0.767075306,0.316348281,0.456625934,0.275977071,0.521001487,0.002707672,0.476944065,0.391695502
138,Al2.0CoCrCuFe,FCC + BCC,567,0.436474984,0.471130035,0.537037037,0.061259649,0.332119424,0.098822044,0.376929012,0.615970189,0.40303778,0.670521335,0.431088637,0.592113569,0.160947523,0.436909715,0.773496789,0.234466117,0.454103535,0.164669098,0.262164951,0.003593422,0.611186903,0.289965398
139,Al2.5CoCrFeNi,BCC,487,0.465030739,0.428994521,0.476495726,0.112292981,0.305217209,0.106215728,0.423926768,0.671511032,0.440086813,0.691810649,0.444550724,0.642257746,0.165227963,0.468879507,0.765862859,0.243128277,0.492214974,0.187918387,0.273757476,0.000937838,0.378171896,0.370242215
140,AlCrFeNi,BCC,472,0.421925352,0.293304947,0.548611111,0.142966487,0.358087862,0.18896212,0.500473485,0.558058865,0.527637719,0.549946195,0.517394788,0.49517356,0.123753768,0.472761276,0.788091068,0.274482204,0.444305123,0.208963002,0.228997101,0.001458933,0.457571623,0.282352941
141,CoCrFeMnNi,FCC,160,0.210905269,0.520809939,0.722222222,0.204209155,0.483566127,0.26402179,0.677504209,0.16975284,0.700155554,0.041250741,0.544640637,0.505544302,0.12810109,0.60058089,0.873905429,0.317443797,0.042089763,0.203439291,0.342445325,0.010290565,0.711323329,0.017301038
142,Al0.25CoFeNi,FCC,138,0.257701227,0.190329494,0.797008547,0.04119026,0.490743203,0.21158921,0.706884551,0.260489261,0.664959832,0.288354881,0.624120802,0.240492953,0.067610147,0.348601919,0.940994207,0.354127674,0.297042762,0.259429992,0.129555874,0.004798499,0.663301501,0.124567474
143,Al0.5CoCrCuFe,FCC,207,0.29873189,0.491911778,0.706790123,0.103469914,0.445007862,0.200968479,0.495943229,0.424407767,0.525886988,0.456494641,0.553286603,0.347678559,0.092936085,0.370396373,0.841603425,0.34224814,0.311017983,0.195935383,0.226062069,0.133862442,0.833560709,0.129411765
144,Al2.3CoCrCuFe,FCC + BCC,603,0.44388947,0.446417569,0.512786596,0.054677468,0.315992504,0.084229696,0.359926981,0.638144861,0.385487893,0.695190312,0.413631784,0.619131468,0.170663443,0.432339772,0.76376727,0.219068685,0.45891692,0.160202486,0.264310683,0.00301401,0.591268759,0.302422145
145,Al0.25MoNbTiV,BCC,460,0.258678849,0.438255099,0.289215686,0.259620823,0.394342442,0.56441263,0.492999851,0.920809441,0.524186653,0.883975651,0.611817371,0.608303943,0.090572051,0.388020596,0.301328938,0.507659006,0.212321865,0.609876468,0.530594562,0.0085509,0.659481583,0.138408304
146,Al1.5CoCrFeMo0.5Ni,BCC + Im,655,0.420244389,0.662238781,0.548611111,0.381743956,0.388819742,0.221206114,0.571496212,0.647502056,0.580271416,0.65084061,0.56846924,0.582163397,0.115767576,0.510230499,0.761821366,0.278369864,0.465623991,0.257252041,0.510544846,0.002354606,0.459208731,0.391695502
147,CoCuFeMnNi,FCC,208,0.204750185,0.520809939,0.861111111,0.127131137,0.516940949,0.174639266,0.659617003,0.229458421,0.633642654,0.280647362,0.485948769,0.521666264,0.143867378,0.546776977,0.943957968,0.206283531,0.035976326,0.17800938,0.379402956,0.022573246,0.874761255,0.014532872
148,NbTaVW,BCC,492,0.215968348,0.293304947,0.340277778,0.131858061,0.903194579,0.903268019,0.733007155,0.901590993,0.743871694,0.86953281,0.847191135,0.478423669,0.024345003,0.208385115,0.267075306,0.070380052,0.229893416,0.921313184,0.446993261,0.013491571,0.697953615,0.19100346
149,AlCoCrFeNi,BCC,458,0.388713476,0.520809939,0.611111111,0.155113958,0.398746139,0.200365625,0.545138889,0.491758896,0.56176581,0.486464794,0.558567521,0.437938713,0.105301801,0.470165612,0.824868651,0.342730746,0.429595258,0.22303283,0.212756501,0.002219883,0.483492497,0.255363322
150,AlCrFeNiMo0.5Ti0.6,BCC + Im,756.1,0.468186809,0.671555204,0.493464052,0.562534395,0.366864526,0.272493031,0.550498861,0.686208675,0.561418732,0.694158727,0.549627527,0.598705974,0.117447783,0.465585196,0.669448165,0.44944662,0.490226621,0.285074947,0.518775399,0.001640111,0.346521146,0.475432526
151,Al0.75HfNbTaTiZr,BCC,427,0.332823965,0.701560759,0.196859903,0.579240531,0.567472176,0.543688264,0.244963219,0.534550786,0.26840474,0.56061233,0.359179525,0.598847447,0.179025662,0.316022296,0.130587071,0.60047736,0.315678964,0.660307678,0.627494694,0.004711153,0.51568895,0.21799308
152,MoNbTaV,BCC,504,0.222388468,0.293304947,0.340277778,0.172493678,0.6934495,0.795667277,0.631734007,0.720077371,0.646650217,0.666374984,0.777142226,0.31519831,0.029851611,0.152044903,0.267075306,0.03016288,0.23554964,0.812923398,0.37189087,0.019212675,0.739154161,0.191695502
153,AlCoCrFe2Mo0.5Ni,BCC + Im,639,0.36948475,0.625218757,0.615384615,0.358818056,0.431737994,0.261598892,0.643024799,0.519437757,0.646804946,0.516952758,0.611409757,0.453006462,0.087912513,0.462381881,0.7981948,0.304691488,0.412450036,0.271455486,0.45488668,0.003845396,0.557162347,0.316262976
154,AlCoCrFeNb0.25Ni,BCC + Im,668,0.413062889,0.63785802,0.596560847,0.439652709,0.405217395,0.227949922,0.528594477,0.505967287,0.556899947,0.47855573,0.560830771,0.42421293,0.102983229,0.463520817,0.796013677,0.321909741,0.48096162,0.257276856,0.484922251,0.001998615,0.423738063,0.348096886
155,CoFeMoNi2V,FCC + Im,382,0.232109618,0.471130035,0.722222222,0.723564028,0.524040013,0.382292033,0.800960999,0.392355116,0.744095192,0.451092526,0.739561745,0.260536303,0.034327743,0.111085387,0.785172212,0.29170856,0.352102744,0.395344798,0.458730663,0.004388106,0.576261937,0.373702422
156,Hf0.5Mo0.5NbSi0.9TiZr,BCC + Im,640,0.751727742,0.664166015,0.223356009,0.913609341,0.373845791,0.509447305,0.304213478,0.89761747,0.433583979,0.846444247,0.385361207,0.7275686,0.168242349,0.278447991,0.306122449,0.91732088,0.452912556,0.61775372,0.460669236,0.000919434,0.051841746,0.45467128
157,AlMoNbTiV,BCC,537,0.24361883,0.520809939,0.25,0.494081482,0.334209192,0.448608146,0.422032828,0.990795857,0.450732178,0.968478928,0.529718975,0.734344593,0.131733519,0.449638489,0.34150613,0.418178162,0.18896115,0.529025534,0.681456459,0.00312186,0.477216917,0.110726644
158,Al0.5CoCrCuFeNiTi0.4,FCC,321,0.368397255,0.812784439,0.719868173,0.385302088,0.446056566,0.214412339,0.527897264,0.435128175,0.533155081,0.457252996,0.556225766,0.343610065,0.090643711,0.348575958,0.829796076,0.4452859,0.416797097,0.223986716,0.241803792,0.006778925,0.643656207,0.249134948
159,AlCoCrFeMo0.5Ni,BCC + Im,747,0.386171822,0.682228004,0.595959596,0.407669219,0.424762072,0.260190057,0.621642562,0.576057483,0.629887894,0.569805576,0.614285104,0.49878983,0.093111734,0.49376996,0.779334501,0.311756211,0.440963837,0.274195841,0.496124504,0.003175837,0.508594816,0.363321799
160,AlCoCrCuFe,FCC + BCC,407,0.376481957,0.520809939,0.638888889,0.087310838,0.399852487,0.160109905,0.448337542,0.509415765,0.476747305,0.551880032,0.504407417,0.459294343,0.12014066,0.426129585,0.814360771,0.299135331,0.39800276,0.183428869,0.245042786,0.010713737,0.726875853,0.209688581
161,Al1.25CoCrFeMnNi,BCC,539,0.391515382,0.702813933,0.583333333,0.16015111,0.385543724,0.169693979,0.54598064,0.480043307,0.567022475,0.48785501,0.448611457,0.666355,0.175477239,0.535415669,0.81295972,0.236179047,0.412894277,0.176925482,0.355501813,0.002286332,0.464938608,0.241522491
162,Al0.5MoNbTiV,BCC,487,0.253488007,0.491911778,0.274691358,0.365637941,0.372070868,0.521522081,0.466715769,0.947711562,0.496981292,0.916427225,0.581410558,0.657323765,0.105817039,0.424181989,0.316209379,0.474517952,0.203891333,0.579931677,0.592361471,0.005412189,0.583628922,0.128027682
163,CoCuFeNiTiVZr,,630,0.660073246,0.863858677,0.623015873,0.990356814,0.424402869,0.288027779,0.447225228,0.548398278,0.412073471,0.620209917,0.481038042,0.392106799,0.114244863,0.295523507,0.651738804,0.574588492,0.821568587,0.347204645,0.428716589,0.001794028,0.312687585,0.846366782
164,Al0.3CoCrCuFeNi,FCC,180,0.220685365,0.649699154,0.787735849,0.143024799,0.484700308,0.220778062,0.572781669,0.365666455,0.579993098,0.368721926,0.598170923,0.2521132,0.072243925,0.298757397,0.889700294,0.348956061,0.235720687,0.218352719,0.210364628,1,0.82319236,0.083737024
165,FeMoNiTiVZr,BCC + Im,740,0.641341044,0.706695053,0.467592593,0.854697879,0.420627238,0.434280944,0.578247755,0.764560457,0.534677895,0.85076785,0.565475697,0.613589366,0.104593348,0.380617108,0.48744892,0.555801327,0.731541729,0.474205315,0.436362395,0.001985122,0.314870396,0.907266436
166,Al0.8CoCrCuFe,FCC + BCC,271,0.352072556,0.517107559,0.664351852,0.093472217,0.416785753,0.17543187,0.466189675,0.479074371,0.495174686,0.517952254,0.522737112,0.420222814,0.109938944,0.41193385,0.824576766,0.315302634,0.371772279,0.188118812,0.238671667,0.018530142,0.76425648,0.18200692
167,CrCuFeMnNi,FCC + BCC,296,0.204750185,0.520809939,0.777777778,0.153036765,0.48541004,0.219418565,0.597537879,0.282910149,0.618355415,0.280057692,0.484511868,0.519822043,0.144176521,0.545455923,0.877408056,0.209018299,0.023748767,0.16591975,0.359524094,0.015142934,0.90095498,0.009688581
168,CrCuFeMoNi,FCC,263,0.225996492,0.520809939,0.75,0.536179853,0.538883511,0.368972728,0.738531145,0.512640029,0.735289385,0.50564106,0.719831993,0.351230969,0.042623078,0.179403011,0.779334501,0.25248341,0.316617961,0.328504429,0.634700513,0.010077903,0.952251023,0.321107266
169,AlCoCuFeNbNi,Im,578,0.436474984,0.706695053,0.675925926,0.791773711,0.449207886,0.222425227,0.472327441,0.557587589,0.489307872,0.517244546,0.517579007,0.403324077,0.110325373,0.407009028,0.782253357,0.177223675,0.55959595,0.321695327,0.790009788,0.002385527,0.4526603,0.521107266
170,AlCo2CrFeMo0.5Ni,FCC + BCC + Im,586,0.364125753,0.625218757,0.636752137,0.392553829,0.445780099,0.25800384,0.637359169,0.519938556,0.640409475,0.517735172,0.631050234,0.447208744,0.083632072,0.477486963,0.808972114,0.358520627,0.429771529,0.274982964,0.452616516,0.00333215,0.529331514,0.335640138
171,CoFeNiV,FCC,238,0.158777221,0.293304947,0.722222222,0.614056606,0.4735629,0.302768926,0.652777778,0.267672809,0.609773105,0.314903291,0.643123601,0.035017903,0.04926965,0.018205029,0.836252189,0.364166499,0.213553268,0.32412715,0.202543159,0.002805398,0.54324693,0.112110727
172,MoNbTaW,BCC,454,0.144848071,0.293304947,0.375,0.086355649,1,1,1,0.706089489,1,0.652864881,1,0.376371654,0,0.218779878,0.240805604,0,0.115340303,1,0.222909501,0.009658226,0.643929059,0.101038062
173,Al0.5CoCrCuFeNiTi0.6,FCC + BCC,458,0.399248155,0.832700458,0.701730419,0.456450151,0.436688423,0.21856542,0.516726348,0.446617498,0.520982252,0.474114521,0.546064854,0.35720918,0.094139715,0.344622196,0.808044558,0.495890926,0.452108333,0.228944378,0.248320255,0.005048583,0.591814461,0.298269896
174,Al0.3NbTa0.8Ti1.4V0.2Zr1.3,BCC,500,0.353428416,0.530895199,0.213888889,0.401038318,0.454247914,0.544207167,0.20787037,0.54166367,0.233975219,0.601713063,0.372510984,0.581227596,0.171187882,0.313246119,0.173029772,0.663502916,0.34479897,0.658426264,0.576894747,0.011792145,0.6946794,0.214532872
175,CoCrCu0.5FeNi,FCC,172,0.038685526,0.491911778,0.799382716,0.171952693,0.507905776,0.271317144,0.637287224,0.252854574,0.648661696,0.207163341,0.653255593,0.086449931,0.048325047,0.067795783,0.899980541,0.408740532,0.026291654,0.242255805,0.142335653,0.081466486,0.840381992,0.00899654
176,CoCrCuFeNi,FCC,234.6,0.053411575,0.520809939,0.833333333,0.152313438,0.51417508,0.246481782,0.605955387,0.287414213,0.612723274,0.275954466,0.630191495,0.127523352,0.054679651,0.091495388,0.908931699,0.375226222,0.023095051,0.227201668,0.186473993,0.012911167,0.915416098,0.007612457
177,Al1.3CoCrCuFeNi,FCC + BCC,470,0.381838575,0.70124202,0.667107584,0.116429856,0.406724721,0.152778804,0.485020509,0.527857729,0.493405329,0.550633619,0.513460417,0.464072381,0.118710261,0.438676654,0.838823562,0.279458281,0.423869182,0.194942803,0.254995824,0.005260693,0.629195089,0.24083045
178,Al0.75MoNbTiV,BCC,517,0.248463372,0.514825402,0.261695906,0.43945374,0.35214367,0.483146326,0.443198432,0.970843345,0.472639653,0.94434385,0.554204462,0.698807266,0.119457292,0.441872131,0.329523458,0.444865431,0.196132659,0.55313897,0.641475987,0.003961391,0.523874488,0.119031142
179,HfNbTaZr,BCC,365,0.361470935,0.293304947,0.236111111,0,0.776886553,0.735209789,0.301609848,0.519439775,0.338893955,0.501959713,0.442648319,0.532860301,0.139597341,0.329491221,0.039404553,0.382666399,0.283165768,0.842105263,0.255887499,0.017253987,0.915143247,0.235294118
180,HfNbTaTiZr,BCC,340,0.336194748,0.520809939,0.222222222,0.146356997,0.653574886,0.656384093,0.278724747,0.491087094,0.303491927,0.50761956,0.403382243,0.529884841,0.151132236,0.285460126,0.064798599,0.703880957,0.295441899,0.748723293,0.42418266,0.024165479,0.897135061,0.220761246
181,CoFeMo0.8NiV,FCC + Im,606,0.235369695,0.517107559,0.675925926,0.710676492,0.508789318,0.395379834,0.775094697,0.423789163,0.726662376,0.481364821,0.731179824,0.271527174,0.036259886,0.115496861,0.750875657,0.303807226,0.338981741,0.40107695,0.457204418,0.004633575,0.576534789,0.352941176
182,CoCrFeMnNiV0.75,FCC + Im,342,0.215494953,0.701560759,0.667874396,0.431989147,0.459322683,0.291085007,0.630704692,0.244265176,0.646212939,0.226973651,0.546673443,0.463807745,0.120338915,0.577184854,0.815883652,0.313020397,0.14285989,0.238348778,0.403185542,0.006605913,0.636016371,0.06366782
183,CoFeMoNi1.8V,FCC + Im,510,0.234534833,0.486148916,0.712643678,0.724834996,0.522625287,0.38774203,0.800719116,0.400017681,0.745120199,0.458741193,0.741153008,0.265758369,0.034212259,0.114063328,0.776314995,0.291713182,0.352807178,0.398986541,0.462744463,0.00447195,0.576261937,0.377854671
184,CoCrFeMnNiV1.0,FCC + Im,650,0.215639388,0.706695053,0.652777778,0.469159382,0.452588393,0.298602567,0.617704826,0.260328655,0.631228879,0.256291637,0.547238111,0.451714979,0.118182755,0.569724417,0.799766492,0.311791675,0.158368658,0.248045857,0.412476581,0.006051284,0.619918145,0.074048443
185,HfMo0.5NbTaTiZr,BCC,480,0.374151021,0.682228004,0.242424242,0.191082346,0.656424569,0.674752301,0.379447888,0.790893562,0.395093455,0.790933818,0.473207579,0.656422511,0.134775766,0.335731692,0.088361726,0.640074585,0.33132581,0.752096262,0.401912934,0.122739438,0.841200546,0.305882353
186,CoCrFeMnNiV0.25,FCC,151,0.213336382,0.63785802,0.702380952,0.310934534,0.474715346,0.273902012,0.660418671,0.200621307,0.680462219,0.137168114,0.545382772,0.490611657,0.12526728,0.592625373,0.852722875,0.315828905,0.09100969,0.216184024,0.370481169,0.008560354,0.680763984,0.035986159
187,Al0.2Co1.5CrFeNi1.5Ti0.5,FCC,487,0.357679376,0.556391529,0.710038986,0.474834501,0.463570996,0.276065522,0.626186943,0.331843415,0.626053144,0.317875232,0.626796065,0.240344965,0.064516632,0.290334882,0.834946385,0.567153859,0.419215327,0.268524359,0.123299297,0.002697754,0.491132333,0.266435986
188,Al1.5CoCrCuFeNi,FCC + BCC,506,0.396545046,0.692904514,0.647435897,0.111780375,0.394008702,0.141689695,0.470708689,0.550526203,0.479284863,0.575478266,0.499646089,0.491592151,0.126287848,0.444724397,0.830526741,0.268124797,0.438849111,0.191125185,0.260190547,0.004412923,0.604638472,0.260207612
189,Al1.3CoCrCuFe,FCC + BCC,476,0.402821657,0.514606423,0.604297694,0.0787285,0.376848805,0.13929516,0.424085589,0.548117554,0.451713881,0.595032646,0.479506699,0.508215577,0.133999595,0.436599928,0.800482437,0.277172202,0.424661621,0.177057626,0.252335113,0.006644374,0.681582538,0.242214533
190,AlCrFeNiMo,BCC + Im,905,0.398163293,0.520809939,0.527777778,0.518782638,0.423454571,0.322856571,0.677714646,0.671206941,0.684331921,0.661253131,0.648208019,0.586091528,0.093245228,0.531698346,0.695271454,0.219987935,0.435298942,0.324335591,0.649757978,0.003323802,0.527967258,0.44083045
191,Al0.25CoCrFeNi,FCC,111.5,0.224084901,0.438255099,0.714052288,0.183940901,0.470268262,0.272362605,0.637830511,0.306032825,0.654814455,0.253276187,0.645756835,0.20159345,0.059475912,0.316882929,0.869990728,0.41889734,0.248401643,0.24988505,0.118718414,0.005418013,0.638744884,0.09550173
192,AlMo0.5NbTa0.5TiZr,BCC,591,0.338643464,0.66214895,0.208333333,0.670754941,0.400958835,0.463987444,0.283670034,1,0.314085716,1,0.402774324,0.810141011,0.181891955,0.383179539,0.245183888,0.454856224,0.333799466,0.594893174,0.710317091,0.002421041,0.372442019,0.202076125
193,Al2.5CoCrCuFe,FCC + BCC,624,0.447349389,0.428994521,0.497863248,0.050544008,0.306068246,0.075249789,0.349464193,0.651180584,0.374687963,0.70970207,0.402889106,0.634939918,0.17664247,0.428562441,0.757779873,0.209593343,0.460567913,0.157453802,0.265258464,0.002726742,0.580627558,0.308650519
194,AlCrCuFeNi1.4,FCC + BCC,367,0.36670071,0.510336657,0.691358025,0.125980757,0.412773535,0.160834972,0.490565376,0.522908268,0.497328955,0.536232921,0.512881446,0.434534426,0.115177199,0.420495177,0.844197963,0.238547415,0.403934054,0.193233358,0.252690389,0.005916767,0.663847203,0.21799308
195,Al0.5CoCrCuFeNiV0.8,FCC + BCC + Im,447,0.268457819,0.841415274,0.702380952,0.424056266,0.445359084,0.239016737,0.522966103,0.415241623,0.525418707,0.441110839,0.576410354,0.284620144,0.081073339,0.331792375,0.821032441,0.326748569,0.301893422,0.245762922,0.315741166,0.0098572,0.687585266,0.144636678
196,Al0.5CrFe1.5MnNi0.5,BCC,396,0.346529365,0.432636749,0.583333333,0.093756496,0.401266153,0.220638523,0.588886551,0.375667317,0.629440898,0.358200475,0.440729381,0.645718398,0.178293875,0.546913378,0.802685347,0.203152133,0.296610198,0.16814313,0.365824365,0.004603828,0.625375171,0.129411765
197,CuFeNiTiVZr,,590,0.672956321,0.706695053,0.583333333,0.963657153,0.401573472,0.295035802,0.401129349,0.582704711,0.364372687,0.651463715,0.440667975,0.393132391,0.128036685,0.27956616,0.598365441,0.567732422,0.812113641,0.358520063,0.453829662,0.001787512,0.348976808,0.858131488
198,Cu31.6Mn31.6Ni31.6Al5,FCC,166,0.257509833,0.146579515,0.863337787,0.161697307,0.491473151,0.102911628,0.57526058,0.368328032,0.549530859,0.423485883,0.354975944,0.696787173,0.217297955,0.493058923,0.929617554,0.042996881,0.221290694,0.115749999,0.423647779,0.007561694,0.729331514,0.0816609
199,AlCoFeNi,BCC,456,0.421925352,0.293304947,0.652777778,0.046160244,0.397501498,0.132987997,0.578072391,0.519666728,0.546746768,0.553245894,0.519190914,0.496950005,0.123367339,0.474425131,0.871278459,0.271063744,0.481177846,0.224075039,0.242368992,0.001205147,0.446930423,0.321799308
200,CoCuFeMnNiSn0.08,FCC + Im,219,0.308742712,0.57754622,0.850174978,0.166579836,0.515361282,0.164953282,0.648415752,0.265587556,0.629507772,0.285063307,0.482688545,0.522132253,0.144404118,0.541149125,0.94384765,0.200406605,0.430395808,0.175501512,0.382669975,0.023817995,0.873396999,0.193771626
201,Cu30Mn30Ni30Sn10,FCC + Im,318,0.554639204,0.21942835,0.833333333,0.32451279,0.507629189,0.063318689,0.538930976,0.458468838,0.556133669,0.365227053,0.361159468,0.651821158,0.206352887,0.485922283,0.947460595,0.028267042,1,0.108181344,0.42737488,0.019054108,0.782537517,1
202,AlCo0.5CrFeMo0.5Ni,BCC + Im,801,0.398089694,0.66214895,0.569444444,0.411691143,0.411100355,0.261611098,0.611426768,0.611124954,0.623048866,0.602121474,0.60338777,0.53078239,0.099273514,0.501101313,0.760070053,0.28135934,0.443853575,0.273684211,0.522677646,0.003016572,0.500409277,0.375086505
203,Al0.88CoCrFeMnNi,FCC + BCC,533,0.363845534,0.705602934,0.618291761,0.171714647,0.410216029,0.193436353,0.579085212,0.419500976,0.600532162,0.4170373,0.472782066,0.629846596,0.16355263,0.554076635,0.828299796,0.25663344,0.37129474,0.183599026,0.354007339,0.002997079,0.514324693,0.195847751
204,AlCrFeNiMo0.5Ti0.5,BCC + Im,751.7,0.461581511,0.66214895,0.5,0.545519678,0.370995252,0.271121265,0.557765152,0.681637578,0.56940943,0.686624153,0.555693719,0.594696049,0.115851302,0.471894844,0.679509632,0.418660768,0.485475674,0.283272538,0.524167373,0.001747961,0.365893588,0.464359862
205,CoCuFeMnNiSn0.20,FCC + Im,319,0.411853687,0.623908589,0.834401709,0.214601723,0.513082916,0.150983113,0.632260101,0.312069458,0.623543999,0.291138163,0.477986298,0.522634571,0.145178262,0.532992529,0.943688536,0.19193027,0.677101998,0.171884395,0.387105171,0.025288841,0.871214188,0.442214533
206,Al0.5CoCrCuFeNiTi0.2,FCC,272,0.328310109,0.773965268,0.739278752,0.287650524,0.456082122,0.209967814,0.539852103,0.422105236,0.546182143,0.438142767,0.567099724,0.328022401,0.086902375,0.352296399,0.853074016,0.391129644,0.368927076,0.218681148,0.233460891,0.010516537,0.703410641,0.191695502
207,CoFeNiSi0.75,FCC + Im,570,0.205183461,0.286165981,0.722222222,0.075696415,0.417615513,0.237610698,0.659266274,0.292872621,0.722237122,0.001330679,0.578905192,0.299112241,0.07843213,0.265034508,1,0.646236343,0.234015392,0.285982282,0.032395467,0.001517617,0.447476126,0.152249135
208,AlCoCrFe0.6Mo0.5Ni,BCC + Im,754,0.392491437,0.671555204,0.586056645,0.431042497,0.42120572,0.259471828,0.610741814,0.60394912,0.621263514,0.595711885,0.615750968,0.520602704,0.095762318,0.507820089,0.769719446,0.315357834,0.453420908,0.275592884,0.515750501,0.002813192,0.483765348,0.385467128
209,AlCoFeNiTiVZr,BCC,790,0.650596922,0.863858677,0.464285714,0.974412653,0.341953626,0.255087667,0.403784873,0.660090896,0.375675282,0.723090493,0.429878061,0.540136494,0.150403542,0.379761011,0.59169377,0.551377438,0.76449737,0.344226904,0.442990037,0.000512461,0,0.847750865
210,Al0.5CoCrCuFeNiV1.8,BCC,597,0.25934997,0.807280363,0.648021309,0.543900587,0.425131773,0.270864643,0.494985529,0.416704802,0.4927032,0.456392791,0.574193248,0.258687828,0.079363441,0.307008107,0.767339203,0.320828364,0.294310154,0.276628095,0.354440936,0.006724107,0.631923602,0.152941176
211,Al0.95CoCrFeMnNi,FCC + BCC,535,0.369980109,0.706512998,0.611344538,0.169444413,0.405312948,0.188718075,0.572506402,0.432045002,0.593872844,0.43186422,0.467978686,0.637301783,0.165922386,0.550469912,0.825251291,0.252568576,0.380813942,0.182272805,0.354403236,0.002834401,0.503956344,0.205536332
212,AlCuNiTi,FCC,537,0.464353561,0.293304947,0.583333333,0.68306593,0.322362052,0.095167422,0.334753788,0.650863938,0.300005364,0.667760363,0.356710603,0.540912722,0.177950383,0.332744228,0.691768827,0.566257792,0.538073174,0.206878583,0.378478409,0,0.156070941,0.489965398
213,AlCrFeNiMo0.5Ti0.25,BCC + Im,712,0.440477169,0.617292,0.51754386,0.490870041,0.382082991,0.267439157,0.577269405,0.668582611,0.590858146,0.665440904,0.571976655,0.583022243,0.111566012,0.488715259,0.70651673,0.336025062,0.468973588,0.278434492,0.538338872,0.002095156,0.42319236,0.429065744
214,Al0.68CoCrFeMnNi,FCC + BCC,486,0.343322211,0.697888855,0.639084507,0.178430902,0.424890745,0.207557959,0.598775312,0.380115735,0.620463218,0.369800201,0.487158381,0.606931569,0.156460053,0.564546524,0.837423843,0.268799404,0.338248201,0.187568349,0.352534635,0.003587698,0.547885402,0.165397924
215,Al0.3NbTaTi1.4Zr1.3,BCC,490,0.321506358,0.428858597,0.213888889,0.388024294,0.4926013,0.568270606,0.220075758,0.571991899,0.243683956,0.614405805,0.380933433,0.598333483,0.169363938,0.321788166,0.15971979,0.649346471,0.308852707,0.681688379,0.580954493,0.012466641,0.706412005,0.170242215
216,Al0.5CoCrCuFeNiV0.2,FCC,204,0.272723969,0.773965268,0.744152047,0.248058833,0.460902175,0.214544135,0.544466965,0.410081486,0.550557991,0.424013464,0.578114024,0.303207993,0.082387261,0.349291514,0.862291455,0.33129778,0.302152786,0.222045473,0.256644439,0.017133788,0.746248295,0.131487889
217,AlCoCrFeMo0.5,BCC + Im,857,0.41038711,0.491911778,0.50617284,0.391394004,0.393583184,0.268178487,0.580235223,0.652625523,0.611114091,0.641155306,0.596700655,0.568613933,0.10543061,0.512898885,0.720957385,0.316241035,0.433546592,0.270742864,0.554669625,0.003163593,0.53888131,0.364705882
